epochs,dataset,d_dim,hidden_dim,k,L,batch_size,num_tuples,seeds,regime,outfile,setting,train_loss,test_loss,gen_gap
1000,gaussian400,64,128,1,1,64,160000,5,subsample,results/ablation_study_iid_vs_noniid.csv,IID,0.0009792189932398,0.2283793632269313,0.2274001442336914
1000,gaussian400,64,128,1,1,64,160000,5,subsample,results/ablation_study_iid_vs_noniid.csv,NonIID,0.0006286811720089,0.2963220892224461,0.2956934080504371
1000,gaussian400,64,128,1,1,64,160000,5,subsample,results/ablation_study_iid_vs_noniid.csv,IID,0.000979641004325,0.2001145103108079,0.1991348693064829
1000,gaussian400,64,128,1,1,64,160000,5,subsample,results/ablation_study_iid_vs_noniid.csv,NonIID,0.0006806127119089,0.3568198048761114,0.3561391921642025
1000,gaussian400,64,128,1,1,64,160000,5,subsample,results/ablation_study_iid_vs_noniid.csv,IID,0.0009749766031745,0.1977436776933085,0.1967687010901339
1000,gaussian400,64,128,1,1,64,160000,5,subsample,results/ablation_study_iid_vs_noniid.csv,NonIID,0.0006677551050119,0.3472177786882967,0.3465500235832847
1000,gaussian400,64,128,1,1,64,160000,5,subsample,results/ablation_study_iid_vs_noniid.csv,IID,0.0009719296584888,0.1899724015530402,0.1890004718945513
1000,gaussian400,64,128,1,1,64,160000,5,subsample,results/ablation_study_iid_vs_noniid.csv,NonIID,0.000577681387703,0.3182636227665469,0.3176859413788438
1000,gaussian400,64,128,1,1,64,160000,5,subsample,results/ablation_study_iid_vs_noniid.csv,IID,0.0009965052650797,0.2250796388818329,0.2240831336167531
1000,gaussian400,64,128,1,1,64,160000,5,subsample,results/ablation_study_iid_vs_noniid.csv,NonIID,0.0006354094860403,0.2946322176404297,0.2939968081543894
1000,gaussian400,64,128,2,1,64,160000,5,subsample,results/ablation_study_iid_vs_noniid.csv,IID,0.0009653322143542,0.287591377727827,0.2866260455134728
1000,gaussian400,64,128,2,1,64,160000,5,subsample,results/ablation_study_iid_vs_noniid.csv,NonIID,0.0006619229647534,0.4459012284643948,0.4452393054996413
1000,gaussian400,64,128,2,1,64,160000,5,subsample,results/ablation_study_iid_vs_noniid.csv,IID,0.0009851609425996,0.2924649122748989,0.2914797513322993
1000,gaussian400,64,128,2,1,64,160000,5,subsample,results/ablation_study_iid_vs_noniid.csv,NonIID,0.000537164338613,0.41041850245893,0.409881338120317
1000,gaussian400,64,128,2,1,64,160000,5,subsample,results/ablation_study_iid_vs_noniid.csv,IID,0.0009566895781077,0.2941763200122863,0.2932196304341786
1000,gaussian400,64,128,2,1,64,160000,5,subsample,results/ablation_study_iid_vs_noniid.csv,NonIID,0.0004977957269089,0.3953024338252842,0.3948046380983753
1000,gaussian400,64,128,2,1,64,160000,5,subsample,results/ablation_study_iid_vs_noniid.csv,IID,0.0009660418625802,0.2716402246054727,0.2706741827428925
1000,gaussian400,64,128,2,1,64,160000,5,subsample,results/ablation_study_iid_vs_noniid.csv,NonIID,0.0006224419023757,0.4144949522063136,0.4138725103039378
1000,gaussian400,64,128,2,1,64,160000,5,subsample,results/ablation_study_iid_vs_noniid.csv,IID,0.0009656724180944,0.3170834678594023,0.3161177954413078
1000,gaussian400,64,128,2,1,64,160000,5,subsample,results/ablation_study_iid_vs_noniid.csv,NonIID,0.000661763354306,0.4082581112042069,0.4075963478499008
1000,gaussian400,64,128,3,1,64,160000,5,subsample,results/ablation_study_iid_vs_noniid.csv,IID,0.0009940251502917,0.4242818717550486,0.4232878466047568
1000,gaussian400,64,128,3,1,64,160000,5,subsample,results/ablation_study_iid_vs_noniid.csv,NonIID,0.0005277615701922,0.5761328824318945,0.5756051208617022
1000,gaussian400,64,128,3,1,64,160000,5,subsample,results/ablation_study_iid_vs_noniid.csv,IID,0.0009913533535187,0.384870855166018,0.3838795018124992
1000,gaussian400,64,128,3,1,64,160000,5,subsample,results/ablation_study_iid_vs_noniid.csv,NonIID,0.0004882038309951,0.6227667192608118,0.6222785154298166
1000,gaussian400,64,128,3,1,64,160000,5,subsample,results/ablation_study_iid_vs_noniid.csv,IID,0.0009959151322532,0.4717489413464442,0.4707530262141909
1000,gaussian400,64,128,3,1,64,160000,5,subsample,results/ablation_study_iid_vs_noniid.csv,NonIID,0.0006280641452245,0.6180962839335203,0.6174682197882958
1000,gaussian400,64,128,3,1,64,160000,5,subsample,results/ablation_study_iid_vs_noniid.csv,IID,0.0009686988371882,0.4563506536681205,0.4553819548309322
1000,gaussian400,64,128,3,1,64,160000,5,subsample,results/ablation_study_iid_vs_noniid.csv,NonIID,0.0005527250887498,0.6785564076349139,0.678003682546164
1000,gaussian400,64,128,3,1,64,160000,5,subsample,results/ablation_study_iid_vs_noniid.csv,IID,0.0009888008186992,0.5237523669317364,0.5227635661130372
1000,gaussian400,64,128,3,1,64,160000,5,subsample,results/ablation_study_iid_vs_noniid.csv,NonIID,0.0005801674273912,0.6451840386807919,0.6446038712534006
1000,gaussian400,64,128,4,1,64,160000,5,subsample,results/ablation_study_iid_vs_noniid.csv,IID,0.0009801397608253,0.5736005273163318,0.5726203875555065
1000,gaussian400,64,128,4,1,64,160000,5,subsample,results/ablation_study_iid_vs_noniid.csv,NonIID,0.0005891122899156,0.8401703919827939,0.8395812796928782
1000,gaussian400,64,128,4,1,64,160000,5,subsample,results/ablation_study_iid_vs_noniid.csv,IID,0.0009680528929161,0.5856968009373174,0.5847287480444012
1000,gaussian400,64,128,4,1,64,160000,5,subsample,results/ablation_study_iid_vs_noniid.csv,NonIID,0.0005980042413299,0.8324985842198134,0.8319005799784834
1000,gaussian400,64,128,4,1,64,160000,5,subsample,results/ablation_study_iid_vs_noniid.csv,IID,0.0009975191506017,0.6049361608304084,0.6039386416798066
1000,gaussian400,64,128,4,1,64,160000,5,subsample,results/ablation_study_iid_vs_noniid.csv,NonIID,0.0006207503771696,0.9072032135903836,0.906582463213214
1000,gaussian400,64,128,4,1,64,160000,5,subsample,results/ablation_study_iid_vs_noniid.csv,IID,0.0009892449246734,0.4765145541062578,0.4755253091815844
1000,gaussian400,64,128,4,1,64,160000,5,subsample,results/ablation_study_iid_vs_noniid.csv,NonIID,0.0004857481330247,0.7254042827963829,0.7249185346633582
1000,gaussian400,64,128,4,1,64,160000,5,subsample,results/ablation_study_iid_vs_noniid.csv,IID,0.0009567542093998,0.5302512452688068,0.5292944910594071
1000,gaussian400,64,128,4,1,64,160000,5,subsample,results/ablation_study_iid_vs_noniid.csv,NonIID,0.0005219850896479,0.933866844189167,0.933344859099519
1000,gaussian400,64,128,5,1,64,160000,5,subsample,results/ablation_study_iid_vs_noniid.csv,IID,0.0009565270766394,0.7506136709421873,0.7496571438655479
1000,gaussian400,64,128,5,1,64,160000,5,subsample,results/ablation_study_iid_vs_noniid.csv,NonIID,0.0005518001686221,1.111271856069565,1.1107200559009427
1000,gaussian400,64,128,5,1,64,160000,5,subsample,results/ablation_study_iid_vs_noniid.csv,IID,0.000966377998887,0.8372593933612108,0.8362930153623238
1000,gaussian400,64,128,5,1,64,160000,5,subsample,results/ablation_study_iid_vs_noniid.csv,NonIID,0.0005603640549845,1.0015491908550265,1.0009888268000418
1000,gaussian400,64,128,5,1,64,160000,5,subsample,results/ablation_study_iid_vs_noniid.csv,IID,0.0009659153727134,0.7305987935751677,0.7296328782024543
1000,gaussian400,64,128,5,1,64,160000,5,subsample,results/ablation_study_iid_vs_noniid.csv,NonIID,0.0005127514170544,1.0826513110280036,1.0821385596109492
1000,gaussian400,64,128,5,1,64,160000,5,subsample,results/ablation_study_iid_vs_noniid.csv,IID,0.0009949726887816,0.8266690407797694,0.8256740680909879
1000,gaussian400,64,128,5,1,64,160000,5,subsample,results/ablation_study_iid_vs_noniid.csv,NonIID,0.0005743600590081,1.2514398043513295,1.2508654442923215
1000,gaussian400,64,128,5,1,64,160000,5,subsample,results/ablation_study_iid_vs_noniid.csv,IID,0.00096933684443,0.9168017780125142,0.9158324411680842
1000,gaussian400,64,128,5,1,64,160000,5,subsample,results/ablation_study_iid_vs_noniid.csv,NonIID,0.0005211285354962,1.06317726739645,1.062656138860954
1000,gaussian400,64,128,6,1,64,160000,5,subsample,results/ablation_study_iid_vs_noniid.csv,IID,0.0009804395496815,0.9509928488790989,0.9500124093294172
1000,gaussian400,64,128,6,1,64,160000,5,subsample,results/ablation_study_iid_vs_noniid.csv,NonIID,0.0005995409011418,1.1368353473484516,1.1362358064473097
1000,gaussian400,64,128,6,1,64,160000,5,subsample,results/ablation_study_iid_vs_noniid.csv,IID,0.0009729267007464,0.9861447569191456,0.9851718302183992
1000,gaussian400,64,128,6,1,64,160000,5,subsample,results/ablation_study_iid_vs_noniid.csv,NonIID,0.0005716489049722,1.1666739653229714,1.166102316417999
1000,gaussian400,64,128,6,1,64,160000,5,subsample,results/ablation_study_iid_vs_noniid.csv,IID,0.0009846330069685,0.8718183998554945,0.8708337668485259
1000,gaussian400,64,128,6,1,64,160000,5,subsample,results/ablation_study_iid_vs_noniid.csv,NonIID,0.0006013060720259,1.176004867196083,1.175403561124057
1000,gaussian400,64,128,6,1,64,160000,5,subsample,results/ablation_study_iid_vs_noniid.csv,IID,0.0009579508484984,1.006816242951155,1.0058582921026562
1000,gaussian400,64,128,6,1,64,160000,5,subsample,results/ablation_study_iid_vs_noniid.csv,NonIID,0.0005743003077222,1.1435054953098298,1.1429311950021075
1000,gaussian400,64,128,6,1,64,160000,5,subsample,results/ablation_study_iid_vs_noniid.csv,IID,0.0009881877746906,1.0366084157019853,1.0356202279272946
1000,gaussian400,64,128,6,1,64,160000,5,subsample,results/ablation_study_iid_vs_noniid.csv,NonIID,0.0005292248606747,1.214858988010883,1.2143297631502086
1000,gaussian400,64,128,7,1,64,160000,5,subsample,results/ablation_study_iid_vs_noniid.csv,IID,0.0009932765346353,0.9948995928227902,0.9939063162881548
1000,gaussian400,64,128,7,1,64,160000,5,subsample,results/ablation_study_iid_vs_noniid.csv,NonIID,0.0005321066077063,1.149624346792698,1.1490922401849917
1000,gaussian400,64,128,7,1,64,160000,5,subsample,results/ablation_study_iid_vs_noniid.csv,IID,0.0009853275407785,0.832473131236434,0.8314878036956553
1000,gaussian400,64,128,7,1,64,160000,5,subsample,results/ablation_study_iid_vs_noniid.csv,NonIID,0.0006291518426267,1.298946153509617,1.2983170016669905
1000,gaussian400,64,128,7,1,64,160000,5,subsample,results/ablation_study_iid_vs_noniid.csv,IID,0.0009971806310146,0.8824495125710964,0.8814523319400817
1000,gaussian400,64,128,7,1,64,160000,5,subsample,results/ablation_study_iid_vs_noniid.csv,NonIID,0.0005563167708605,1.2668766547203063,1.2663203379494457
1000,gaussian400,64,128,7,1,64,160000,5,subsample,results/ablation_study_iid_vs_noniid.csv,IID,0.0009744027537101,0.8571578531429171,0.856183450389207
1000,gaussian400,64,128,7,1,64,160000,5,subsample,results/ablation_study_iid_vs_noniid.csv,NonIID,0.0006068834354387,1.231003396654129,1.2303965132186905
1000,gaussian400,64,128,7,1,64,160000,5,subsample,results/ablation_study_iid_vs_noniid.csv,IID,0.0009806544800835,0.830489454805851,0.8295088003257675
1000,gaussian400,64,128,7,1,64,160000,5,subsample,results/ablation_study_iid_vs_noniid.csv,NonIID,0.0005896832670609,1.2124590970754625,1.2118694138084014
1000,gaussian400,64,128,8,1,64,160000,5,subsample,results/ablation_study_iid_vs_noniid.csv,IID,0.0009832403378649,0.8125621968090534,0.8115789564711884
1000,gaussian400,64,128,8,1,64,160000,5,subsample,results/ablation_study_iid_vs_noniid.csv,NonIID,0.0004831161045818,1.412037475693226,1.411554359588644
1000,gaussian400,64,128,8,1,64,160000,5,subsample,results/ablation_study_iid_vs_noniid.csv,IID,0.0009875489428402,1.1548515517681837,1.1538640028253433
1000,gaussian400,64,128,8,1,64,160000,5,subsample,results/ablation_study_iid_vs_noniid.csv,NonIID,0.0005322229176126,1.2526902398347854,1.2521580169171729
1000,gaussian400,64,128,8,1,64,160000,5,subsample,results/ablation_study_iid_vs_noniid.csv,IID,0.0009803738618742,0.821756741553545,0.8207763676916707
1000,gaussian400,64,128,8,1,64,160000,5,subsample,results/ablation_study_iid_vs_noniid.csv,NonIID,0.0005298001493225,1.4035828050374983,1.403053004888176
1000,gaussian400,64,128,8,1,64,160000,5,subsample,results/ablation_study_iid_vs_noniid.csv,IID,0.0009950011989863,0.9775432169735432,0.9765482157745567
1000,gaussian400,64,128,8,1,64,160000,5,subsample,results/ablation_study_iid_vs_noniid.csv,NonIID,0.0005687569521644,1.5293976077198983,1.528828850767734
1000,gaussian400,64,128,8,1,64,160000,5,subsample,results/ablation_study_iid_vs_noniid.csv,IID,0.0009723720191571,0.8727398203015327,0.8717674482823756
1000,gaussian400,64,128,8,1,64,160000,5,subsample,results/ablation_study_iid_vs_noniid.csv,NonIID,0.0005464391863715,1.530180276966095,1.5296338377797234
1000,gaussian400,64,128,9,1,64,160000,5,subsample,results/ablation_study_iid_vs_noniid.csv,IID,0.0009792344968041,1.1081483368605376,1.1071691023637331
1000,gaussian400,64,128,9,1,64,160000,5,subsample,results/ablation_study_iid_vs_noniid.csv,NonIID,0.0005518529724387,1.793561066699028,1.7930092137265892
1000,gaussian400,64,128,9,1,64,160000,5,subsample,results/ablation_study_iid_vs_noniid.csv,IID,0.0009646285325288,0.9651336730241776,0.9641690444916486
1000,gaussian400,64,128,9,1,64,160000,5,subsample,results/ablation_study_iid_vs_noniid.csv,NonIID,0.0005605958375766,1.4878174864172935,1.4872568905797168
1000,gaussian400,64,128,9,1,64,160000,5,subsample,results/ablation_study_iid_vs_noniid.csv,IID,0.0009679939165445,1.004569249659777,1.003601255743232
1000,gaussian400,64,128,9,1,64,160000,5,subsample,results/ablation_study_iid_vs_noniid.csv,NonIID,0.0005166979217901,1.689531256890297,1.6890145589685068
1000,gaussian400,64,128,9,1,64,160000,5,subsample,results/ablation_study_iid_vs_noniid.csv,IID,0.0009772054248652,0.998249179583788,0.9972719741589228
1000,gaussian400,64,128,9,1,64,160000,5,subsample,results/ablation_study_iid_vs_noniid.csv,NonIID,0.0005941795431004,1.5771257496356963,1.576531570092596
1000,gaussian400,64,128,9,1,64,160000,5,subsample,results/ablation_study_iid_vs_noniid.csv,IID,0.0009730876920493,1.069095188641548,1.0681221009494988
1000,gaussian400,64,128,9,1,64,160000,5,subsample,results/ablation_study_iid_vs_noniid.csv,NonIID,0.0005649832189337,1.6957979757785795,1.695232992559646
1000,gaussian400,64,128,10,1,64,160000,5,subsample,results/ablation_study_iid_vs_noniid.csv,IID,0.0009889074320357,1.250939801263809,1.2499508938317734
1000,gaussian400,64,128,10,1,64,160000,5,subsample,results/ablation_study_iid_vs_noniid.csv,NonIID,0.0005371776857908,1.691932932662964,1.6913957549771732
1000,gaussian400,64,128,10,1,64,160000,5,subsample,results/ablation_study_iid_vs_noniid.csv,IID,0.0009734410245621,1.349892992979288,1.348919551954726
1000,gaussian400,64,128,10,1,64,160000,5,subsample,results/ablation_study_iid_vs_noniid.csv,NonIID,0.0005902825407159,1.9277720435380936,1.9271817609973776
1000,gaussian400,64,128,10,1,64,160000,5,subsample,results/ablation_study_iid_vs_noniid.csv,IID,0.0009633718914951,1.334933573836088,1.333970201944593
1000,gaussian400,64,128,10,1,64,160000,5,subsample,results/ablation_study_iid_vs_noniid.csv,NonIID,0.0005865596898453,2.216330285620689,2.215743725930844
1000,gaussian400,64,128,10,1,64,160000,5,subsample,results/ablation_study_iid_vs_noniid.csv,IID,0.0009916254179736,1.2339183581888675,1.232926732770894
1000,gaussian400,64,128,10,1,64,160000,5,subsample,results/ablation_study_iid_vs_noniid.csv,NonIID,0.0004933535841133,1.6869754927396774,1.686482139155564
1000,gaussian400,64,128,10,1,64,160000,5,subsample,results/ablation_study_iid_vs_noniid.csv,IID,0.0009910318019267,1.260661503458023,1.2596704716560962
1000,gaussian400,64,128,10,1,64,160000,5,subsample,results/ablation_study_iid_vs_noniid.csv,NonIID,0.000556427205319,1.80927727162838,1.8087208444230607
1000,gaussian400,64,128,11,1,64,160000,5,subsample,results/ablation_study_iid_vs_noniid.csv,IID,0.0009804524542275,1.1490118800222873,1.1480314275680596
1000,gaussian400,64,128,11,1,64,160000,5,subsample,results/ablation_study_iid_vs_noniid.csv,NonIID,0.0005964623649153,1.8022351713180544,1.801638708953139
1000,gaussian400,64,128,11,1,64,160000,5,subsample,results/ablation_study_iid_vs_noniid.csv,IID,0.0009598743067943,0.9922004352986812,0.991240560991887
1000,gaussian400,64,128,11,1,64,160000,5,subsample,results/ablation_study_iid_vs_noniid.csv,NonIID,0.000553137246675,1.903827190423012,1.9032740531763368
1000,gaussian400,64,128,11,1,64,160000,5,subsample,results/ablation_study_iid_vs_noniid.csv,IID,0.0009840201232619,1.08187674126029,1.0808927211370285
1000,gaussian400,64,128,11,1,64,160000,5,subsample,results/ablation_study_iid_vs_noniid.csv,NonIID,0.0005106164419768,1.836564211046696,1.836053594604719
1000,gaussian400,64,128,11,1,64,160000,5,subsample,results/ablation_study_iid_vs_noniid.csv,IID,0.0009954166099695,0.9669948306500912,0.9659994140401216
1000,gaussian400,64,128,11,1,64,160000,5,subsample,results/ablation_study_iid_vs_noniid.csv,NonIID,0.0005081153105915,1.820557925212384,1.820049809901792
1000,gaussian400,64,128,11,1,64,160000,5,subsample,results/ablation_study_iid_vs_noniid.csv,IID,0.0009943151815114,0.9916023478150368,0.9906080326335254
1000,gaussian400,64,128,11,1,64,160000,5,subsample,results/ablation_study_iid_vs_noniid.csv,NonIID,0.0004883876424864,1.7601273235082626,1.7596389358657762
1000,gaussian400,64,128,12,1,64,160000,5,subsample,results/ablation_study_iid_vs_noniid.csv,IID,0.000977616387582,1.3909796105384826,1.3900019941509003
1000,gaussian400,64,128,12,1,64,160000,5,subsample,results/ablation_study_iid_vs_noniid.csv,NonIID,0.0005014190921094,1.9141305656194687,1.91362914652736
1000,gaussian400,64,128,12,1,64,160000,5,subsample,results/ablation_study_iid_vs_noniid.csv,IID,0.0009564441709136,1.2608872515916825,1.259930807420769
1000,gaussian400,64,128,12,1,64,160000,5,subsample,results/ablation_study_iid_vs_noniid.csv,NonIID,0.000548317471033,1.785202277112007,1.784653959640974
1000,gaussian400,64,128,12,1,64,160000,5,subsample,results/ablation_study_iid_vs_noniid.csv,IID,0.0009808869956667,1.4131055275797844,1.4121246405841177
1000,gaussian400,64,128,12,1,64,160000,5,subsample,results/ablation_study_iid_vs_noniid.csv,NonIID,0.0005324805808297,1.6590608916044236,1.6585284110235938
1000,gaussian400,64,128,12,1,64,160000,5,subsample,results/ablation_study_iid_vs_noniid.csv,IID,0.000969852224761,1.5054005917191506,1.5044307394943897
1000,gaussian400,64,128,12,1,64,160000,5,subsample,results/ablation_study_iid_vs_noniid.csv,NonIID,0.0006407945432874,2.067904937386513,2.067264142843225
1000,gaussian400,64,128,12,1,64,160000,5,subsample,results/ablation_study_iid_vs_noniid.csv,IID,0.0009878366956457,1.5062127381920811,1.5052249014964356
1000,gaussian400,64,128,12,1,64,160000,5,subsample,results/ablation_study_iid_vs_noniid.csv,NonIID,0.0005746862601168,1.723352894115448,1.722778207855331
1000,gaussian400,64,128,13,1,64,160000,5,subsample,results/ablation_study_iid_vs_noniid.csv,IID,0.0009662814647151,1.386523649716377,1.3855573682516622
1000,gaussian400,64,128,13,1,64,160000,5,subsample,results/ablation_study_iid_vs_noniid.csv,NonIID,0.0005123523328802,1.7499860897302628,1.7494737373973823
1000,gaussian400,64,128,13,1,64,160000,5,subsample,results/ablation_study_iid_vs_noniid.csv,IID,0.0009596576555705,1.510262846899033,1.509303189243462
1000,gaussian400,64,128,13,1,64,160000,5,subsample,results/ablation_study_iid_vs_noniid.csv,NonIID,0.0005172789825388,1.6335719890356064,1.6330547100530677
1000,gaussian400,64,128,13,1,64,160000,5,subsample,results/ablation_study_iid_vs_noniid.csv,IID,0.0009594093680211,1.2662438208818436,1.2652844115138224
1000,gaussian400,64,128,13,1,64,160000,5,subsample,results/ablation_study_iid_vs_noniid.csv,NonIID,0.0005405148220364,1.5836454172849654,1.583104902462929
1000,gaussian400,64,128,13,1,64,160000,5,subsample,results/ablation_study_iid_vs_noniid.csv,IID,0.0009767487723683,1.3682493582963944,1.367272609524026
1000,gaussian400,64,128,13,1,64,160000,5,subsample,results/ablation_study_iid_vs_noniid.csv,NonIID,0.0005852871118142,1.9006535133361817,1.900068226224368
1000,gaussian400,64,128,13,1,64,160000,5,subsample,results/ablation_study_iid_vs_noniid.csv,IID,0.0009678515447636,1.2717284074902535,1.27076055594549
1000,gaussian400,64,128,13,1,64,160000,5,subsample,results/ablation_study_iid_vs_noniid.csv,NonIID,0.000555017921327,1.8503651808261872,1.84981016290486
1000,gaussian400,64,128,14,1,64,160000,5,subsample,results/ablation_study_iid_vs_noniid.csv,IID,0.000995565278341,1.3668766949653626,1.3658811296870217
1000,gaussian400,64,128,14,1,64,160000,5,subsample,results/ablation_study_iid_vs_noniid.csv,NonIID,0.0005755589821434,2.047272742319107,2.046697183336964
1000,gaussian400,64,128,14,1,64,160000,5,subsample,results/ablation_study_iid_vs_noniid.csv,IID,0.0009883476498847,1.5557466388463974,1.5547582911965128
1000,gaussian400,64,128,14,1,64,160000,5,subsample,results/ablation_study_iid_vs_noniid.csv,NonIID,0.0005643424008478,1.9556930467367173,1.9551287043358687
1000,gaussian400,64,128,14,1,64,160000,5,subsample,results/ablation_study_iid_vs_noniid.csv,IID,0.0009702021461201,1.2946159217596054,1.2936457196134852
1000,gaussian400,64,128,14,1,64,160000,5,subsample,results/ablation_study_iid_vs_noniid.csv,NonIID,0.0005790387119792,2.4030316319942475,2.4024525932822685
1000,gaussian400,64,128,14,1,64,160000,5,subsample,results/ablation_study_iid_vs_noniid.csv,IID,0.0009707319176024,1.5438878076195717,1.5429170757019692
1000,gaussian400,64,128,14,1,64,160000,5,subsample,results/ablation_study_iid_vs_noniid.csv,NonIID,0.0005549184084375,1.990896570396424,1.990341651987986
1000,gaussian400,64,128,14,1,64,160000,5,subsample,results/ablation_study_iid_vs_noniid.csv,IID,0.0009995404462743,1.4646869564175606,1.4636874159712865
1000,gaussian400,64,128,14,1,64,160000,5,subsample,results/ablation_study_iid_vs_noniid.csv,NonIID,0.0005774671283783,2.194355472946167,2.1937780058177885
1000,gaussian400,64,128,15,1,64,160000,5,subsample,results/ablation_study_iid_vs_noniid.csv,IID,0.0009862726881346,1.4619112645864487,1.460924991898314
1000,gaussian400,64,128,15,1,64,160000,5,subsample,results/ablation_study_iid_vs_noniid.csv,NonIID,0.0006520701579574,2.6347261909008024,2.634074120742845
1000,gaussian400,64,128,15,1,64,160000,5,subsample,results/ablation_study_iid_vs_noniid.csv,IID,0.0009844503975251,1.379440290439129,1.3784558400416038
1000,gaussian400,64,128,15,1,64,160000,5,subsample,results/ablation_study_iid_vs_noniid.csv,NonIID,0.0005583552381722,2.1620007210731504,2.1614423658349784
1000,gaussian400,64,128,15,1,64,160000,5,subsample,results/ablation_study_iid_vs_noniid.csv,IID,0.0009619569288574,1.3969509024143218,1.3959889454854644
1000,gaussian400,64,128,15,1,64,160000,5,subsample,results/ablation_study_iid_vs_noniid.csv,NonIID,0.0005879536964814,2.0705265513181685,2.069938597621688
1000,gaussian400,64,128,15,1,64,160000,5,subsample,results/ablation_study_iid_vs_noniid.csv,IID,0.0009729598906622,1.6148006271123887,1.6138276672217264
1000,gaussian400,64,128,15,1,64,160000,5,subsample,results/ablation_study_iid_vs_noniid.csv,NonIID,0.0006091703490543,2.2351401669979096,2.234530996648856
1000,gaussian400,64,128,15,1,64,160000,5,subsample,results/ablation_study_iid_vs_noniid.csv,IID,0.0009898312781597,1.4294519725084305,1.4284621412302707
1000,gaussian400,64,128,15,1,64,160000,5,subsample,results/ablation_study_iid_vs_noniid.csv,NonIID,0.0006329799892206,2.136673254776001,2.1360402747867804
1000,gaussian400,64,128,16,1,64,160000,5,subsample,results/ablation_study_iid_vs_noniid.csv,IID,0.0009840966076664,1.509301186800003,1.5083170901923366
1000,gaussian400,64,128,16,1,64,160000,5,subsample,results/ablation_study_iid_vs_noniid.csv,NonIID,0.0005387114186043,2.1226052986860275,2.122066587267424
1000,gaussian400,64,128,16,1,64,160000,5,subsample,results/ablation_study_iid_vs_noniid.csv,IID,0.0009604112364329,1.8729402814149856,1.8719798701785528
1000,gaussian400,64,128,16,1,64,160000,5,subsample,results/ablation_study_iid_vs_noniid.csv,NonIID,0.000542184017293,2.052402057337761,2.051859873320468
1000,gaussian400,64,128,16,1,64,160000,5,subsample,results/ablation_study_iid_vs_noniid.csv,IID,0.0009656729017724,1.5792609656691552,1.5782952927673828
1000,gaussian400,64,128,16,1,64,160000,5,subsample,results/ablation_study_iid_vs_noniid.csv,NonIID,0.0005862045040819,1.9079046867609024,1.9073184822568203
1000,gaussian400,64,128,16,1,64,160000,5,subsample,results/ablation_study_iid_vs_noniid.csv,IID,0.0009709396293305,1.6289992518424987,1.6280283122131682
1000,gaussian400,64,128,16,1,64,160000,5,subsample,results/ablation_study_iid_vs_noniid.csv,NonIID,0.0005238657553156,2.012330858397484,2.011806992642168
1000,gaussian400,64,128,16,1,64,160000,5,subsample,results/ablation_study_iid_vs_noniid.csv,IID,0.0009791858005522,1.6940394065618516,1.6930602207612997
1000,gaussian400,64,128,16,1,64,160000,5,subsample,results/ablation_study_iid_vs_noniid.csv,NonIID,0.000617134899435,2.273969978761673,2.2733528438622383
1000,gaussian400,64,128,17,1,64,160000,5,subsample,results/ablation_study_iid_vs_noniid.csv,IID,0.0009868218866546,1.4895622227787972,1.4885754008921426
1000,gaussian400,64,128,17,1,64,160000,5,subsample,results/ablation_study_iid_vs_noniid.csv,NonIID,0.0004676614203548,2.1515682303667067,2.151100568946352
1000,gaussian400,64,128,17,1,64,160000,5,subsample,results/ablation_study_iid_vs_noniid.csv,IID,0.0009614564386004,1.5252039701223374,1.524242513683737
1000,gaussian400,64,128,17,1,64,160000,5,subsample,results/ablation_study_iid_vs_noniid.csv,NonIID,0.0004939335115996,2.33458974776268,2.3340958142510804
1000,gaussian400,64,128,17,1,64,160000,5,subsample,results/ablation_study_iid_vs_noniid.csv,IID,0.0009893003434482,1.4406652406692504,1.4396759403258022
1000,gaussian400,64,128,17,1,64,160000,5,subsample,results/ablation_study_iid_vs_noniid.csv,NonIID,0.0005194284856683,2.47810995657444,2.477590528088772
1000,gaussian400,64,128,17,1,64,160000,5,subsample,results/ablation_study_iid_vs_noniid.csv,IID,0.0009940267094255,1.6833579120635986,1.6823638853541731
1000,gaussian400,64,128,17,1,64,160000,5,subsample,results/ablation_study_iid_vs_noniid.csv,NonIID,0.0005290643681466,2.22199464108944,2.2214655767212927
1000,gaussian400,64,128,17,1,64,160000,5,subsample,results/ablation_study_iid_vs_noniid.csv,IID,0.0009765102683256,1.5639784940481185,1.5630019837797928
1000,gaussian400,64,128,17,1,64,160000,5,subsample,results/ablation_study_iid_vs_noniid.csv,NonIID,0.0005729841981636,2.44694058470726,2.4463676005090966
1000,gaussian400,64,128,18,1,64,160000,5,subsample,results/ablation_study_iid_vs_noniid.csv,IID,0.0009760120851246,1.457336692404747,1.4563606803196223
1000,gaussian400,64,128,18,1,64,160000,5,subsample,results/ablation_study_iid_vs_noniid.csv,NonIID,0.0005427965875293,2.286917211151123,2.286374414563594
1000,gaussian400,64,128,18,1,64,160000,5,subsample,results/ablation_study_iid_vs_noniid.csv,IID,0.0009929444622396,2.0073812687158585,2.006388324253619
1000,gaussian400,64,128,18,1,64,160000,5,subsample,results/ablation_study_iid_vs_noniid.csv,NonIID,0.0005742418997106,2.528909178066254,2.528334936166543
1000,gaussian400,64,128,18,1,64,160000,5,subsample,results/ablation_study_iid_vs_noniid.csv,IID,0.0009691994725024,2.184760075986385,2.183790876513883
1000,gaussian400,64,128,18,1,64,160000,5,subsample,results/ablation_study_iid_vs_noniid.csv,NonIID,0.0005500469012346,2.606075831127167,2.6055257842259323
1000,gaussian400,64,128,18,1,64,160000,5,subsample,results/ablation_study_iid_vs_noniid.csv,IID,0.0009652828938135,1.7615631611585616,1.760597878264748
1000,gaussian400,64,128,18,1,64,160000,5,subsample,results/ablation_study_iid_vs_noniid.csv,NonIID,0.0005282654933515,2.696528253340721,2.6959999878473697
1000,gaussian400,64,128,18,1,64,160000,5,subsample,results/ablation_study_iid_vs_noniid.csv,IID,0.0009750258052788,1.715020989215374,1.7140459634100953
1000,gaussian400,64,128,18,1,64,160000,5,subsample,results/ablation_study_iid_vs_noniid.csv,NonIID,0.0005354320222002,2.756993982410431,2.7564585503882304
1000,gaussian400,64,128,19,1,64,160000,5,subsample,results/ablation_study_iid_vs_noniid.csv,IID,0.0009758089159038,1.6118116208076476,1.6108358118917436
1000,gaussian400,64,128,19,1,64,160000,5,subsample,results/ablation_study_iid_vs_noniid.csv,NonIID,0.0005414103128932,2.4447312064647675,2.4441897961518744
1000,gaussian400,64,128,19,1,64,160000,5,subsample,results/ablation_study_iid_vs_noniid.csv,IID,0.0009850159265278,1.856328504276276,1.855343488349748
1000,gaussian400,64,128,19,1,64,160000,5,subsample,results/ablation_study_iid_vs_noniid.csv,NonIID,0.0005226993004034,2.163524608683586,2.1630019093831825
1000,gaussian400,64,128,19,1,64,160000,5,subsample,results/ablation_study_iid_vs_noniid.csv,IID,0.00095792850461,1.680332673382759,1.679374744878149
1000,gaussian400,64,128,19,1,64,160000,5,subsample,results/ablation_study_iid_vs_noniid.csv,NonIID,0.0005392519999266,2.179369028091431,2.1788297760915043
1000,gaussian400,64,128,19,1,64,160000,5,subsample,results/ablation_study_iid_vs_noniid.csv,IID,0.0009853943876574,1.8165288309693337,1.8155434365816765
1000,gaussian400,64,128,19,1,64,160000,5,subsample,results/ablation_study_iid_vs_noniid.csv,NonIID,0.0005134877835589,2.231398287057877,2.230884799274317
1000,gaussian400,64,128,19,1,64,160000,5,subsample,results/ablation_study_iid_vs_noniid.csv,IID,0.0009993738989116,2.024853270411491,2.02385389651258
1000,gaussian400,64,128,19,1,64,160000,5,subsample,results/ablation_study_iid_vs_noniid.csv,NonIID,0.0005700318329007,2.503412547540665,2.5028425157077643
1000,gaussian400,64,128,20,1,64,160000,5,subsample,results/ablation_study_iid_vs_noniid.csv,IID,0.0009833652270211,2.2632704352140425,2.262287069987021
1000,gaussian400,64,128,20,1,64,160000,5,subsample,results/ablation_study_iid_vs_noniid.csv,NonIID,0.0005014357824431,2.3029878368854524,2.302486401103009
1000,gaussian400,64,128,20,1,64,160000,5,subsample,results/ablation_study_iid_vs_noniid.csv,IID,0.0009686891151229,2.1456512213945387,2.144682532279416
1000,gaussian400,64,128,20,1,64,160000,5,subsample,results/ablation_study_iid_vs_noniid.csv,NonIID,0.0005378382148206,2.4885469475030897,2.488009109288269
1000,gaussian400,64,128,20,1,64,160000,5,subsample,results/ablation_study_iid_vs_noniid.csv,IID,0.0009937474249108,1.907534299492836,1.906540552067925
1000,gaussian400,64,128,20,1,64,160000,5,subsample,results/ablation_study_iid_vs_noniid.csv,NonIID,0.0005148453996676,2.326062409853935,2.325547564454268
1000,gaussian400,64,128,20,1,64,160000,5,subsample,results/ablation_study_iid_vs_noniid.csv,IID,0.00097086276981,2.271487667274476,2.2705168045046653
1000,gaussian400,64,128,20,1,64,160000,5,subsample,results/ablation_study_iid_vs_noniid.csv,NonIID,0.0005661890473144,2.258587457537651,2.258021268490337
1000,gaussian400,64,128,20,1,64,160000,5,subsample,results/ablation_study_iid_vs_noniid.csv,IID,0.0009803861630932,2.0242686960935594,2.023288309930466
1000,gaussian400,64,128,20,1,64,160000,5,subsample,results/ablation_study_iid_vs_noniid.csv,NonIID,0.0005267676244518,2.300885681509972,2.30035891388552
1000,gaussian400,64,128,21,1,64,160000,5,subsample,results/ablation_study_iid_vs_noniid.csv,IID,0.0009951710900557,1.765809733915329,1.7648145628252732
1000,gaussian400,64,128,21,1,64,160000,5,subsample,results/ablation_study_iid_vs_noniid.csv,NonIID,0.0004949559760294,2.5692590107679365,2.568764054791907
1000,gaussian400,64,128,21,1,64,160000,5,subsample,results/ablation_study_iid_vs_noniid.csv,IID,0.0009956508699346,2.027836893606186,2.026841242736252
1000,gaussian400,64,128,21,1,64,160000,5,subsample,results/ablation_study_iid_vs_noniid.csv,NonIID,0.0004922156629269,2.412110162305832,2.411617946642905
1000,gaussian400,64,128,21,1,64,160000,5,subsample,results/ablation_study_iid_vs_noniid.csv,IID,0.0009696603427448,1.6617814042925834,1.6608117439498384
1000,gaussian400,64,128,21,1,64,160000,5,subsample,results/ablation_study_iid_vs_noniid.csv,NonIID,0.0005717636517423,2.790016740512848,2.789444976861106
1000,gaussian400,64,128,21,1,64,160000,5,subsample,results/ablation_study_iid_vs_noniid.csv,IID,0.0009913442597266,1.8959804777145384,1.894989133454812
1000,gaussian400,64,128,21,1,64,160000,5,subsample,results/ablation_study_iid_vs_noniid.csv,NonIID,0.0005286590051298,2.5777777939319613,2.577249134926831
1000,gaussian400,64,128,21,1,64,160000,5,subsample,results/ablation_study_iid_vs_noniid.csv,IID,0.0009937350082004,1.681202658700943,1.6802089236927429
1000,gaussian400,64,128,21,1,64,160000,5,subsample,results/ablation_study_iid_vs_noniid.csv,NonIID,0.0005323867466751,2.6144107484817507,2.613878361735076
1000,gaussian400,64,128,22,1,64,160000,5,subsample,results/ablation_study_iid_vs_noniid.csv,IID,0.0009733042998483,2.018165626740456,2.017192322440607
1000,gaussian400,64,128,22,1,64,160000,5,subsample,results/ablation_study_iid_vs_noniid.csv,NonIID,0.0005547382018761,2.735807651996613,2.7352529137947363
1000,gaussian400,64,128,22,1,64,160000,5,subsample,results/ablation_study_iid_vs_noniid.csv,IID,0.0009680837910208,2.122104277610779,2.1211361938197584
1000,gaussian400,64,128,22,1,64,160000,5,subsample,results/ablation_study_iid_vs_noniid.csv,NonIID,0.0005516762981002,2.883660575032234,2.883108898734134
1000,gaussian400,64,128,22,1,64,160000,5,subsample,results/ablation_study_iid_vs_noniid.csv,IID,0.0009844272350338,2.104347085404396,2.1033626581693623
1000,gaussian400,64,128,22,1,64,160000,5,subsample,results/ablation_study_iid_vs_noniid.csv,NonIID,0.0006181718497624,2.891089953804016,2.8904717819542536
1000,gaussian400,64,128,22,1,64,160000,5,subsample,results/ablation_study_iid_vs_noniid.csv,IID,0.0009952507883546,1.902106874704361,1.9011116239160064
1000,gaussian400,64,128,22,1,64,160000,5,subsample,results/ablation_study_iid_vs_noniid.csv,NonIID,0.000580893727453,3.354322044944764,3.35374115121731
1000,gaussian400,64,128,22,1,64,160000,5,subsample,results/ablation_study_iid_vs_noniid.csv,IID,0.0009911067161102,2.064109827375412,2.063118720659302
1000,gaussian400,64,128,22,1,64,160000,5,subsample,results/ablation_study_iid_vs_noniid.csv,NonIID,0.0006072225124225,2.857449568128586,2.856842345616163
1000,gaussian400,64,128,23,1,64,160000,5,subsample,results/ablation_study_iid_vs_noniid.csv,IID,0.0009968681290971,1.7866490540742874,1.7856521859451904
1000,gaussian400,64,128,23,1,64,160000,5,subsample,results/ablation_study_iid_vs_noniid.csv,NonIID,0.0005608330102055,3.339188099908829,3.3386272668986234
1000,gaussian400,64,128,23,1,64,160000,5,subsample,results/ablation_study_iid_vs_noniid.csv,IID,0.0009978969446531,1.7809877992987633,1.77998990235411
1000,gaussian400,64,128,23,1,64,160000,5,subsample,results/ablation_study_iid_vs_noniid.csv,NonIID,0.0005330551986931,3.153696960353851,3.153163905155158
1000,gaussian400,64,128,23,1,64,160000,5,subsample,results/ablation_study_iid_vs_noniid.csv,IID,0.0009993031249789,1.7237409920692444,1.7227416889442653
1000,gaussian400,64,128,23,1,64,160000,5,subsample,results/ablation_study_iid_vs_noniid.csv,NonIID,0.0005156858924892,2.99188728055954,2.9913715946670507
1000,gaussian400,64,128,23,1,64,160000,5,subsample,results/ablation_study_iid_vs_noniid.csv,IID,0.0009817908663997,2.3556333865880967,2.354651595721697
1000,gaussian400,64,128,23,1,64,160000,5,subsample,results/ablation_study_iid_vs_noniid.csv,NonIID,0.0005353776147494,2.723126495361328,2.7225911177465787
1000,gaussian400,64,128,23,1,64,160000,5,subsample,results/ablation_study_iid_vs_noniid.csv,IID,0.0009563565485194,2.0432724578142167,2.042316101265697
1000,gaussian400,64,128,23,1,64,160000,5,subsample,results/ablation_study_iid_vs_noniid.csv,NonIID,0.0005442936839754,3.014681496572494,3.014137202888519
1000,gaussian400,64,128,24,1,64,160000,5,subsample,results/ablation_study_iid_vs_noniid.csv,IID,0.0009806158375881,1.8183082774162287,1.817327661578641
1000,gaussian400,64,128,24,1,64,160000,5,subsample,results/ablation_study_iid_vs_noniid.csv,NonIID,0.0006333533244192,2.8703663332462312,2.869732979921812
1000,gaussian400,64,128,24,1,64,160000,5,subsample,results/ablation_study_iid_vs_noniid.csv,IID,0.0009910793418789,1.775964972603321,1.7749738932614425
1000,gaussian400,64,128,24,1,64,160000,5,subsample,results/ablation_study_iid_vs_noniid.csv,NonIID,0.000561291206484,2.7243194883823394,2.723758197175856
1000,gaussian400,64,128,24,1,64,160000,5,subsample,results/ablation_study_iid_vs_noniid.csv,IID,0.0009784390207468,1.649014151036739,1.6480357120159923
1000,gaussian400,64,128,24,1,64,160000,5,subsample,results/ablation_study_iid_vs_noniid.csv,NonIID,0.000591042856549,3.285396554279328,3.2848055114227783
1000,gaussian400,64,128,24,1,64,160000,5,subsample,results/ablation_study_iid_vs_noniid.csv,IID,0.0009930378490401,1.8104087316989896,1.8094156938499493
1000,gaussian400,64,128,24,1,64,160000,5,subsample,results/ablation_study_iid_vs_noniid.csv,NonIID,0.0006052131728123,2.5757466638088227,2.57514145063601
1000,gaussian400,64,128,24,1,64,160000,5,subsample,results/ablation_study_iid_vs_noniid.csv,IID,0.0009718424999081,1.8635375220298769,1.8625656795299683
1000,gaussian400,64,128,24,1,64,160000,5,subsample,results/ablation_study_iid_vs_noniid.csv,NonIID,0.0006119008852954,2.7961263135910035,2.795514412705708
1000,gaussian400,64,128,25,1,64,160000,5,subsample,results/ablation_study_iid_vs_noniid.csv,IID,0.0009779775402479,2.127076366376877,2.126098388836629
1000,gaussian400,64,128,25,1,64,160000,5,subsample,results/ablation_study_iid_vs_noniid.csv,NonIID,0.0005197601264313,2.864809233427048,2.8642894733006163
1000,gaussian400,64,128,25,1,64,160000,5,subsample,results/ablation_study_iid_vs_noniid.csv,IID,0.0009861654571501,1.6671045761108398,1.6661184106536897
1000,gaussian400,64,128,25,1,64,160000,5,subsample,results/ablation_study_iid_vs_noniid.csv,NonIID,0.0005643704151574,3.218779640007019,3.218215269591861
1000,gaussian400,64,128,25,1,64,160000,5,subsample,results/ablation_study_iid_vs_noniid.csv,IID,0.0009609172725865,1.6621304099082947,1.661169492635708
1000,gaussian400,64,128,25,1,64,160000,5,subsample,results/ablation_study_iid_vs_noniid.csv,NonIID,0.0005658761467449,2.9096929687023163,2.9091270925555714
1000,gaussian400,64,128,25,1,64,160000,5,subsample,results/ablation_study_iid_vs_noniid.csv,IID,0.0009844673618245,2.1050470065355302,2.1040625391737056
1000,gaussian400,64,128,25,1,64,160000,5,subsample,results/ablation_study_iid_vs_noniid.csv,NonIID,0.0005603856581583,2.888399219322205,2.887838833664046
1000,gaussian400,64,128,25,1,64,160000,5,subsample,results/ablation_study_iid_vs_noniid.csv,IID,0.0009843278103434,2.1538621342658995,2.152877806455556
1000,gaussian400,64,128,25,1,64,160000,5,subsample,results/ablation_study_iid_vs_noniid.csv,NonIID,0.0005271579630178,3.215522036123276,3.214994878160258
1000,gaussian400,64,128,26,1,64,160000,5,subsample,results/ablation_study_iid_vs_noniid.csv,IID,0.0009814900122508,2.1412127603530884,2.1402312703408373
1000,gaussian400,64,128,26,1,64,160000,5,subsample,results/ablation_study_iid_vs_noniid.csv,NonIID,0.000537008603815,3.154233300876617,3.1536962922728025
1000,gaussian400,64,128,26,1,64,160000,5,subsample,results/ablation_study_iid_vs_noniid.csv,IID,0.0009962360213865,2.0405545729875563,2.0395583369661696
1000,gaussian400,64,128,26,1,64,160000,5,subsample,results/ablation_study_iid_vs_noniid.csv,NonIID,0.000534070325148,2.727460816335678,2.72692674601053
1000,gaussian400,64,128,26,1,64,160000,5,subsample,results/ablation_study_iid_vs_noniid.csv,IID,0.0009992962503539,1.9605237196922305,1.9595244234418765
1000,gaussian400,64,128,26,1,64,160000,5,subsample,results/ablation_study_iid_vs_noniid.csv,NonIID,0.000581476825464,2.923546830368042,2.922965353542578
1000,gaussian400,64,128,26,1,64,160000,5,subsample,results/ablation_study_iid_vs_noniid.csv,IID,0.0009592612540083,2.0893042440891265,2.0883449828351184
1000,gaussian400,64,128,26,1,64,160000,5,subsample,results/ablation_study_iid_vs_noniid.csv,NonIID,0.0005831971178617,2.8580747610092163,2.8574915638913545
1000,gaussian400,64,128,26,1,64,160000,5,subsample,results/ablation_study_iid_vs_noniid.csv,IID,0.0009572260818141,2.1194555934906005,2.1184983674087863
1000,gaussian400,64,128,26,1,64,160000,5,subsample,results/ablation_study_iid_vs_noniid.csv,NonIID,0.0005712201233487,3.144899964427948,3.144328744304599
1000,gaussian400,64,128,27,1,64,160000,5,subsample,results/ablation_study_iid_vs_noniid.csv,IID,0.0009638036468199,2.410226027274132,2.409262223627312
1000,gaussian400,64,128,27,1,64,160000,5,subsample,results/ablation_study_iid_vs_noniid.csv,NonIID,0.0005640727759513,3.377591943311691,3.37702787053574
1000,gaussian400,64,128,27,1,64,160000,5,subsample,results/ablation_study_iid_vs_noniid.csv,IID,0.0009780949728179,2.186971922874451,2.185993827901633
1000,gaussian400,64,128,27,1,64,160000,5,subsample,results/ablation_study_iid_vs_noniid.csv,NonIID,0.0005595609933079,3.1933809640407564,3.1928214030474487
1000,gaussian400,64,128,27,1,64,160000,5,subsample,results/ablation_study_iid_vs_noniid.csv,IID,0.0009602796118189,2.2581263088464736,2.2571660292346545
1000,gaussian400,64,128,27,1,64,160000,5,subsample,results/ablation_study_iid_vs_noniid.csv,NonIID,0.0005015623695595,3.18238952665329,3.1818879642837303
1000,gaussian400,64,128,27,1,64,160000,5,subsample,results/ablation_study_iid_vs_noniid.csv,IID,0.0009988471727064,1.9974982957363128,1.9964994485636065
1000,gaussian400,64,128,27,1,64,160000,5,subsample,results/ablation_study_iid_vs_noniid.csv,NonIID,0.0005364656091551,3.0743228543758394,3.0737863887666843
1000,gaussian400,64,128,27,1,64,160000,5,subsample,results/ablation_study_iid_vs_noniid.csv,IID,0.0009943495563689,2.5026822158575057,2.5016878663011366
1000,gaussian400,64,128,27,1,64,160000,5,subsample,results/ablation_study_iid_vs_noniid.csv,NonIID,0.0005432017878862,3.3138309238910675,3.313287722103181
1000,gaussian400,64,128,28,1,64,160000,5,subsample,results/ablation_study_iid_vs_noniid.csv,IID,0.0009931111140065,1.7123182615756989,1.7113251504616922
1000,gaussian400,64,128,28,1,64,160000,5,subsample,results/ablation_study_iid_vs_noniid.csv,NonIID,0.0005536999911011,2.9466182336330413,2.94606453364194
1000,gaussian400,64,128,28,1,64,160000,5,subsample,results/ablation_study_iid_vs_noniid.csv,IID,0.0009753941234925,1.7825994420528413,1.7816240479293488
1000,gaussian400,64,128,28,1,64,160000,5,subsample,results/ablation_study_iid_vs_noniid.csv,NonIID,0.0005525136023585,2.694923503398895,2.694370989796537
1000,gaussian400,64,128,28,1,64,160000,5,subsample,results/ablation_study_iid_vs_noniid.csv,IID,0.0009643683318115,1.7659905317902564,1.765026163458445
1000,gaussian400,64,128,28,1,64,160000,5,subsample,results/ablation_study_iid_vs_noniid.csv,NonIID,0.0005548553698288,3.406650091266632,3.406095235896803
1000,gaussian400,64,128,28,1,64,160000,5,subsample,results/ablation_study_iid_vs_noniid.csv,IID,0.000972906624647,1.822896624326706,1.8219237177020589
1000,gaussian400,64,128,28,1,64,160000,5,subsample,results/ablation_study_iid_vs_noniid.csv,NonIID,0.0005954508594571,2.93692108039856,2.9363256295391027
1000,gaussian400,64,128,28,1,64,160000,5,subsample,results/ablation_study_iid_vs_noniid.csv,IID,0.0009900695114906,1.991556064248085,1.9905659947365943
1000,gaussian400,64,128,28,1,64,160000,5,subsample,results/ablation_study_iid_vs_noniid.csv,NonIID,0.0005717767262685,3.15735453915596,3.156782762429692
1000,gaussian400,64,128,29,1,64,160000,5,subsample,results/ablation_study_iid_vs_noniid.csv,IID,0.0009666858887713,1.944189488005638,1.9432228021168667
1000,gaussian400,64,128,29,1,64,160000,5,subsample,results/ablation_study_iid_vs_noniid.csv,NonIID,0.000563477037003,3.1377325566291807,3.137169079592178
1000,gaussian400,64,128,29,1,64,160000,5,subsample,results/ablation_study_iid_vs_noniid.csv,IID,0.0009908000675273,1.9606796765327448,1.959688876465218
1000,gaussian400,64,128,29,1,64,160000,5,subsample,results/ablation_study_iid_vs_noniid.csv,NonIID,0.0005071523646576,3.105910719203949,3.1054035668392914
1000,gaussian400,64,128,29,1,64,160000,5,subsample,results/ablation_study_iid_vs_noniid.csv,IID,0.0009727161308373,2.2349812967777254,2.234008580646888
1000,gaussian400,64,128,29,1,64,160000,5,subsample,results/ablation_study_iid_vs_noniid.csv,NonIID,0.0005115331605615,3.248322496938705,3.247810963778144
1000,gaussian400,64,128,29,1,64,160000,5,subsample,results/ablation_study_iid_vs_noniid.csv,IID,0.0009973807004465,2.304117539167404,2.3031201584669576
1000,gaussian400,64,128,29,1,64,160000,5,subsample,results/ablation_study_iid_vs_noniid.csv,NonIID,0.0005143376099149,3.816321842432022,3.815807504822107
1000,gaussian400,64,128,29,1,64,160000,5,subsample,results/ablation_study_iid_vs_noniid.csv,IID,0.0009939487790688,2.3105175728559493,2.3095236240768804
1000,gaussian400,64,128,29,1,64,160000,5,subsample,results/ablation_study_iid_vs_noniid.csv,NonIID,0.0005255021912133,3.545076810693741,3.544551308502528
1000,gaussian400,64,128,30,1,64,160000,5,subsample,results/ablation_study_iid_vs_noniid.csv,IID,0.0009797043324122,2.3937023926973344,2.392722688364922
1000,gaussian400,64,128,30,1,64,160000,5,subsample,results/ablation_study_iid_vs_noniid.csv,NonIID,0.0005411369329274,2.9690881836891174,2.96854704675619
1000,gaussian400,64,128,30,1,64,160000,5,subsample,results/ablation_study_iid_vs_noniid.csv,IID,0.0009677844844566,2.593042338967323,2.5920745544828665
1000,gaussian400,64,128,30,1,64,160000,5,subsample,results/ablation_study_iid_vs_noniid.csv,NonIID,0.0005596448306707,2.9612736426830293,2.9607139978523587
1000,gaussian400,64,128,30,1,64,160000,5,subsample,results/ablation_study_iid_vs_noniid.csv,IID,0.0009880562410837,2.25798179757595,2.256993741334867
1000,gaussian400,64,128,30,1,64,160000,5,subsample,results/ablation_study_iid_vs_noniid.csv,NonIID,0.0005438669752766,3.125610118818283,3.125066251843007
1000,gaussian400,64,128,30,1,64,160000,5,subsample,results/ablation_study_iid_vs_noniid.csv,IID,0.0009956585004508,2.2713580278635024,2.270362369363052
1000,gaussian400,64,128,30,1,64,160000,5,subsample,results/ablation_study_iid_vs_noniid.csv,NonIID,0.0005180096041818,3.0036367373466493,3.003118727742468
1000,gaussian400,64,128,30,1,64,160000,5,subsample,results/ablation_study_iid_vs_noniid.csv,IID,0.0009925784436904,2.2849434813022613,2.283950902858571
1000,gaussian400,64,128,30,1,64,160000,5,subsample,results/ablation_study_iid_vs_noniid.csv,NonIID,0.0005440130827148,3.225010025501251,3.224466012418536
1000,gaussian400,64,128,31,1,64,160000,5,subsample,results/ablation_study_iid_vs_noniid.csv,IID,0.000962516877316,2.2859264896154405,2.284963972738125
1000,gaussian400,64,128,31,1,64,160000,5,subsample,results/ablation_study_iid_vs_noniid.csv,NonIID,0.0005870037965301,3.225764307975769,3.225177304179239
1000,gaussian400,64,128,31,1,64,160000,5,subsample,results/ablation_study_iid_vs_noniid.csv,IID,0.000987815040779,2.616746449756622,2.615758634715843
1000,gaussian400,64,128,31,1,64,160000,5,subsample,results/ablation_study_iid_vs_noniid.csv,NonIID,0.0005393010854488,2.912431758832932,2.9118924577474825
1000,gaussian400,64,128,31,1,64,160000,5,subsample,results/ablation_study_iid_vs_noniid.csv,IID,0.0009706294929076,2.4953504697084425,2.494379840215535
1000,gaussian400,64,128,31,1,64,160000,5,subsample,results/ablation_study_iid_vs_noniid.csv,NonIID,0.0005601365472088,3.527775375080109,3.5272152385329
1000,gaussian400,64,128,31,1,64,160000,5,subsample,results/ablation_study_iid_vs_noniid.csv,IID,0.0009796186220935,2.354189469599724,2.3532098509776302
1000,gaussian400,64,128,31,1,64,160000,5,subsample,results/ablation_study_iid_vs_noniid.csv,NonIID,0.0005450491773954,3.204616274833679,3.204071225656284
1000,gaussian400,64,128,31,1,64,160000,5,subsample,results/ablation_study_iid_vs_noniid.csv,IID,0.0009912163867349,2.748413750505448,2.7474225341187126
1000,gaussian400,64,128,31,1,64,160000,5,subsample,results/ablation_study_iid_vs_noniid.csv,NonIID,0.000569741553883,3.6619659320831297,3.661396190529248
1000,gaussian400,64,128,32,1,64,160000,5,subsample,results/ablation_study_iid_vs_noniid.csv,IID,0.0009950442077492,2.307446210217476,2.306451166009727
1000,gaussian400,64,128,32,1,64,160000,5,subsample,results/ablation_study_iid_vs_noniid.csv,NonIID,0.0005882033386049,4.055542301416397,4.054954098077792
1000,gaussian400,64,128,32,1,64,160000,5,subsample,results/ablation_study_iid_vs_noniid.csv,IID,0.0009933324624961,2.382070578765869,2.381077246303373
1000,gaussian400,64,128,32,1,64,160000,5,subsample,results/ablation_study_iid_vs_noniid.csv,NonIID,0.0006022988996905,3.697500141572952,3.6968978426732617
1000,gaussian400,64,128,32,1,64,160000,5,subsample,results/ablation_study_iid_vs_noniid.csv,IID,0.0009804846680102,1.9353512412548064,1.9343707565867965
1000,gaussian400,64,128,32,1,64,160000,5,subsample,results/ablation_study_iid_vs_noniid.csv,NonIID,0.0005734228116387,4.026534988212585,4.025961565400947
1000,gaussian400,64,128,32,1,64,160000,5,subsample,results/ablation_study_iid_vs_noniid.csv,IID,0.000970056853331,2.991754736709595,2.990784679856264
1000,gaussian400,64,128,32,1,64,160000,5,subsample,results/ablation_study_iid_vs_noniid.csv,NonIID,0.0005663891745323,3.527136804437637,3.526570415263105
1000,gaussian400,64,128,32,1,64,160000,5,subsample,results/ablation_study_iid_vs_noniid.csv,IID,0.0009659225622835,2.425171246147156,2.4242053235848724
1000,gaussian400,64,128,32,1,64,160000,5,subsample,results/ablation_study_iid_vs_noniid.csv,NonIID,0.0005868950248404,3.8427170570373534,3.842130162012513
1000,gaussian400,64,128,33,1,64,160000,5,subsample,results/ablation_study_iid_vs_noniid.csv,IID,0.0009758880418274,2.645530695724488,2.64455480768266
1000,gaussian400,64,128,33,1,64,160000,5,subsample,results/ablation_study_iid_vs_noniid.csv,NonIID,0.0005451368124457,3.04604472823143,3.0454995914189844
1000,gaussian400,64,128,33,1,64,160000,5,subsample,results/ablation_study_iid_vs_noniid.csv,IID,0.0009638207552525,2.311788991141319,2.3108251703860665
1000,gaussian400,64,128,33,1,64,160000,5,subsample,results/ablation_study_iid_vs_noniid.csv,NonIID,0.0005830695001262,2.952300797128677,2.951717727628551
1000,gaussian400,64,128,33,1,64,160000,5,subsample,results/ablation_study_iid_vs_noniid.csv,IID,0.0009960386937203,2.099679151201248,2.098683112507528
1000,gaussian400,64,128,33,1,64,160000,5,subsample,results/ablation_study_iid_vs_noniid.csv,NonIID,0.0005645140029897,3.1722780280590057,3.171713514056016
1000,gaussian400,64,128,33,1,64,160000,5,subsample,results/ablation_study_iid_vs_noniid.csv,IID,0.0009925885796768,2.067691712999344,2.066699124419668
1000,gaussian400,64,128,33,1,64,160000,5,subsample,results/ablation_study_iid_vs_noniid.csv,NonIID,0.0005701759171613,2.878177383422852,2.87760720750569
1000,gaussian400,64,128,33,1,64,160000,5,subsample,results/ablation_study_iid_vs_noniid.csv,IID,0.0009707925528923,2.234889837384224,2.233919044831332
1000,gaussian400,64,128,33,1,64,160000,5,subsample,results/ablation_study_iid_vs_noniid.csv,NonIID,0.0006053303785243,3.5184724917411803,3.517867161362656
1000,gaussian400,64,128,34,1,64,160000,5,subsample,results/ablation_study_iid_vs_noniid.csv,IID,0.0009631474570755,2.456840729212761,2.455877581755685
1000,gaussian400,64,128,34,1,64,160000,5,subsample,results/ablation_study_iid_vs_noniid.csv,NonIID,0.0005277884378039,2.8634097382068635,2.86288194976906
1000,gaussian400,64,128,34,1,64,160000,5,subsample,results/ablation_study_iid_vs_noniid.csv,IID,0.0009744568281651,2.272583428955078,2.271608972126913
1000,gaussian400,64,128,34,1,64,160000,5,subsample,results/ablation_study_iid_vs_noniid.csv,NonIID,0.0005936160844285,2.855000070285797,2.8544064542013685
1000,gaussian400,64,128,34,1,64,160000,5,subsample,results/ablation_study_iid_vs_noniid.csv,IID,0.0009805570353776,2.5523948499917983,2.5514142929564207
1000,gaussian400,64,128,34,1,64,160000,5,subsample,results/ablation_study_iid_vs_noniid.csv,NonIID,0.0006178560596745,3.0933621166706087,3.0927442606109343
1000,gaussian400,64,128,34,1,64,160000,5,subsample,results/ablation_study_iid_vs_noniid.csv,IID,0.0009609634672949,2.136004984664917,2.135044021197622
1000,gaussian400,64,128,34,1,64,160000,5,subsample,results/ablation_study_iid_vs_noniid.csv,NonIID,0.0005488564242026,2.991296410989761,2.990747554565558
1000,gaussian400,64,128,34,1,64,160000,5,subsample,results/ablation_study_iid_vs_noniid.csv,IID,0.0009687277562324,2.014609026670456,2.0136402989142232
1000,gaussian400,64,128,34,1,64,160000,5,subsample,results/ablation_study_iid_vs_noniid.csv,NonIID,0.000562919119792,3.394009237718582,3.39344631859879
1000,gaussian400,64,128,35,1,64,160000,5,subsample,results/ablation_study_iid_vs_noniid.csv,IID,0.0009856347728239,2.0455025101423265,2.0445168753695024
1000,gaussian400,64,128,35,1,64,160000,5,subsample,results/ablation_study_iid_vs_noniid.csv,NonIID,0.0005425271594634,3.4259641103744505,3.425421583214987
1000,gaussian400,64,128,35,1,64,160000,5,subsample,results/ablation_study_iid_vs_noniid.csv,IID,0.0009629303166302,1.990821044921875,1.9898581146052448
1000,gaussian400,64,128,35,1,64,160000,5,subsample,results/ablation_study_iid_vs_noniid.csv,NonIID,0.0005542957229248,3.356498872089386,3.355944576366461
1000,gaussian400,64,128,35,1,64,160000,5,subsample,results/ablation_study_iid_vs_noniid.csv,IID,0.0009907301716757,2.569136164426804,2.568145434255128
1000,gaussian400,64,128,35,1,64,160000,5,subsample,results/ablation_study_iid_vs_noniid.csv,NonIID,0.0005440432672796,3.2068366240501405,3.206292580782861
1000,gaussian400,64,128,35,1,64,160000,5,subsample,results/ablation_study_iid_vs_noniid.csv,IID,0.0009691913003316,2.5803179830551146,2.579348791754783
1000,gaussian400,64,128,35,1,64,160000,5,subsample,results/ablation_study_iid_vs_noniid.csv,NonIID,0.000533086246901,3.414609797811508,3.414076711564607
1000,gaussian400,64,128,35,1,64,160000,5,subsample,results/ablation_study_iid_vs_noniid.csv,IID,0.0009695258128294,2.1518848615169524,2.150915335704123
1000,gaussian400,64,128,35,1,64,160000,5,subsample,results/ablation_study_iid_vs_noniid.csv,NonIID,0.0005489226731966,3.663704886388779,3.663155963715582
1000,gaussian400,64,128,36,1,64,160000,5,subsample,results/ablation_study_iid_vs_noniid.csv,IID,0.0009932859832169,3.2487550010681154,3.2477617150848985
1000,gaussian400,64,128,36,1,64,160000,5,subsample,results/ablation_study_iid_vs_noniid.csv,NonIID,0.0005828486006299,3.869100907945633,3.868518059345003
1000,gaussian400,64,128,36,1,64,160000,5,subsample,results/ablation_study_iid_vs_noniid.csv,IID,0.0009940750753721,2.8538626910686493,2.852868615993277
1000,gaussian400,64,128,36,1,64,160000,5,subsample,results/ablation_study_iid_vs_noniid.csv,NonIID,0.0005398098366364,3.590606229877472,3.590066420040836
1000,gaussian400,64,128,36,1,64,160000,5,subsample,results/ablation_study_iid_vs_noniid.csv,IID,0.0009673506673795,2.8159531192302705,2.814985768562891
1000,gaussian400,64,128,36,1,64,160000,5,subsample,results/ablation_study_iid_vs_noniid.csv,NonIID,0.0005114316191757,3.5204727798461914,3.519961348227016
1000,gaussian400,64,128,36,1,64,160000,5,subsample,results/ablation_study_iid_vs_noniid.csv,IID,0.0009667933089307,2.6702522981643675,2.669285504855437
1000,gaussian400,64,128,36,1,64,160000,5,subsample,results/ablation_study_iid_vs_noniid.csv,NonIID,0.0005364301079098,3.302397855615616,3.3018614255077057
1000,gaussian400,64,128,36,1,64,160000,5,subsample,results/ablation_study_iid_vs_noniid.csv,IID,0.0009641816783215,3.130126958656311,3.129162776977989
1000,gaussian400,64,128,36,1,64,160000,5,subsample,results/ablation_study_iid_vs_noniid.csv,NonIID,0.0005490523687578,3.1374791736602785,3.136930121291521
1000,gaussian400,64,128,37,1,64,160000,5,subsample,results/ablation_study_iid_vs_noniid.csv,IID,0.0009724179556268,2.651965300607681,2.650992882652054
1000,gaussian400,64,128,37,1,64,160000,5,subsample,results/ablation_study_iid_vs_noniid.csv,NonIID,0.0005740306448249,3.3334422689437866,3.332868238298962
1000,gaussian400,64,128,37,1,64,160000,5,subsample,results/ablation_study_iid_vs_noniid.csv,IID,0.0009632242156565,2.468438469934464,2.467475245718807
1000,gaussian400,64,128,37,1,64,160000,5,subsample,results/ablation_study_iid_vs_noniid.csv,NonIID,0.000622480488292,3.2613155706882475,3.260693090199956
1000,gaussian400,64,128,37,1,64,160000,5,subsample,results/ablation_study_iid_vs_noniid.csv,IID,0.0009985895765509,2.572836962842941,2.5718383732663908
1000,gaussian400,64,128,37,1,64,160000,5,subsample,results/ablation_study_iid_vs_noniid.csv,NonIID,0.0006414760330342,3.397897118091583,3.397255642058549
1000,gaussian400,64,128,37,1,64,160000,5,subsample,results/ablation_study_iid_vs_noniid.csv,IID,0.00097678201772,2.2588440904855727,2.2578673084678527
1000,gaussian400,64,128,37,1,64,160000,5,subsample,results/ablation_study_iid_vs_noniid.csv,NonIID,0.0005974404219945,3.226376651954651,3.2257792115326565
1000,gaussian400,64,128,37,1,64,160000,5,subsample,results/ablation_study_iid_vs_noniid.csv,IID,0.000970472065207,2.62385378074646,2.622883308681253
1000,gaussian400,64,128,37,1,64,160000,5,subsample,results/ablation_study_iid_vs_noniid.csv,NonIID,0.0005942456254444,3.6634361693382265,3.662841923712782
1000,gaussian400,64,128,38,1,64,160000,5,subsample,results/ablation_study_iid_vs_noniid.csv,IID,0.0009826110964197,2.6943468000411985,2.693364188944779
1000,gaussian400,64,128,38,1,64,160000,5,subsample,results/ablation_study_iid_vs_noniid.csv,NonIID,0.0005757710145349,3.4745187658786776,3.4739429948641427
1000,gaussian400,64,128,38,1,64,160000,5,subsample,results/ablation_study_iid_vs_noniid.csv,IID,0.0009741171781483,2.6123131195783613,2.611339002400213
1000,gaussian400,64,128,38,1,64,160000,5,subsample,results/ablation_study_iid_vs_noniid.csv,NonIID,0.0005591467507445,3.664724913215637,3.664165766464893
1000,gaussian400,64,128,38,1,64,160000,5,subsample,results/ablation_study_iid_vs_noniid.csv,IID,0.0009583603615672,2.5670919040203093,2.566133543658742
1000,gaussian400,64,128,38,1,64,160000,5,subsample,results/ablation_study_iid_vs_noniid.csv,NonIID,0.0005635920021217,3.3884425938606264,3.3878790018585048
1000,gaussian400,64,128,38,1,64,160000,5,subsample,results/ablation_study_iid_vs_noniid.csv,IID,0.0009738519877409,2.7919904628276826,2.7910166108399417
1000,gaussian400,64,128,38,1,64,160000,5,subsample,results/ablation_study_iid_vs_noniid.csv,NonIID,0.000576379501156,3.367678796720505,3.367102417219349
1000,gaussian400,64,128,38,1,64,160000,5,subsample,results/ablation_study_iid_vs_noniid.csv,IID,0.0009748298598135,2.8806063774108885,2.879631547551075
1000,gaussian400,64,128,38,1,64,160000,5,subsample,results/ablation_study_iid_vs_noniid.csv,NonIID,0.0005936135748081,3.4566773748874664,3.4560837613126583
1000,gaussian400,64,128,39,1,64,160000,5,subsample,results/ablation_study_iid_vs_noniid.csv,IID,0.0009829109624242,2.4456195847988127,2.4446366738363885
1000,gaussian400,64,128,39,1,64,160000,5,subsample,results/ablation_study_iid_vs_noniid.csv,NonIID,0.000542073827103,4.139317189359665,4.138775115532562
1000,gaussian400,64,128,39,1,64,160000,5,subsample,results/ablation_study_iid_vs_noniid.csv,IID,0.0009964353267273,2.468901945972443,2.4679055106457155
1000,gaussian400,64,128,39,1,64,160000,5,subsample,results/ablation_study_iid_vs_noniid.csv,NonIID,0.0005227804133581,4.420930731296539,4.420407950883181
1000,gaussian400,64,128,39,1,64,160000,5,subsample,results/ablation_study_iid_vs_noniid.csv,IID,0.0009601451327196,2.443269494533539,2.4423093494008192
1000,gaussian400,64,128,39,1,64,160000,5,subsample,results/ablation_study_iid_vs_noniid.csv,NonIID,0.0005659126695885,4.233855727577209,4.233289814907621
1000,gaussian400,64,128,39,1,64,160000,5,subsample,results/ablation_study_iid_vs_noniid.csv,IID,0.0009948052387381,2.0647585829257964,2.063763777687058
1000,gaussian400,64,128,39,1,64,160000,5,subsample,results/ablation_study_iid_vs_noniid.csv,NonIID,0.0005659267261013,4.008982919549943,4.008416992823841
1000,gaussian400,64,128,39,1,64,160000,5,subsample,results/ablation_study_iid_vs_noniid.csv,IID,0.0009694882993778,2.978671809053421,2.977702320754043
1000,gaussian400,64,128,39,1,64,160000,5,subsample,results/ablation_study_iid_vs_noniid.csv,NonIID,0.0005011797999788,4.181105889225006,4.180604709425027
1000,gaussian400,64,128,40,1,64,160000,5,subsample,results/ablation_study_iid_vs_noniid.csv,IID,0.0009962127045986,2.406914522600174,2.405918309895575
1000,gaussian400,64,128,40,1,64,160000,5,subsample,results/ablation_study_iid_vs_noniid.csv,NonIID,0.0005457878297282,3.699572506570816,3.699026718741088
1000,gaussian400,64,128,40,1,64,160000,5,subsample,results/ablation_study_iid_vs_noniid.csv,IID,0.0009739603094261,2.63645557718277,2.6354816168733435
1000,gaussian400,64,128,40,1,64,160000,5,subsample,results/ablation_study_iid_vs_noniid.csv,NonIID,0.0006040215553453,4.033670447683335,4.03306642612799
1000,gaussian400,64,128,40,1,64,160000,5,subsample,results/ablation_study_iid_vs_noniid.csv,IID,0.0009768852272943,2.6733390617370607,2.6723621765097665
1000,gaussian400,64,128,40,1,64,160000,5,subsample,results/ablation_study_iid_vs_noniid.csv,NonIID,0.0005750130809145,3.9715367412567137,3.970961728175799
1000,gaussian400,64,128,40,1,64,160000,5,subsample,results/ablation_study_iid_vs_noniid.csv,IID,0.0009991688866792,2.5820484423875807,2.581049273500901
1000,gaussian400,64,128,40,1,64,160000,5,subsample,results/ablation_study_iid_vs_noniid.csv,NonIID,0.0005700718976499,3.8897279899597166,3.889157918062067
1000,gaussian400,64,128,40,1,64,160000,5,subsample,results/ablation_study_iid_vs_noniid.csv,IID,0.0009835069132451,2.406520446777344,2.4055369398640982
1000,gaussian400,64,128,40,1,64,160000,5,subsample,results/ablation_study_iid_vs_noniid.csv,NonIID,0.0005257211319083581,3.7020139362335205,3.701488215101612
